Tick,Population,Active%,Dormant%,Stress%,AverageFitness,AverageATP,AverageGrowth,AverageDosR,Generation,LivingLineages
100,1,0.0,100.0,0.0,15.594938255251224,0.0,0.0,0.0,0,1
200,1,0.0,100.0,0.0,15.594938255251224,0.0,0.0,0.0,0,1
300,1,0.0,100.0,0.0,15.594938255251224,0.0,0.0,0.0,0,1
400,1,0.0,100.0,0.0,15.594938255251224,0.0,0.0,0.0,0,1
500,1,0.0,100.0,0.0,15.594938255251224,0.0,0.0,0.0,0,1
