Tick,Population,Active%,Dormant%,Stress%,AverageFitness,AverageATP,AverageGrowth,AverageDosR,Generation,LivingLineages
100,1,0.0,100.0,0.0,15.564689527453517,0.0,0.0,0.0,0,1
200,1,0.0,100.0,0.0,15.564689527453517,0.0,0.0,0.0,0,1
300,1,0.0,100.0,0.0,15.564689527453517,0.0,0.0,0.0,0,1
400,1,0.0,100.0,0.0,15.564689527453517,0.0,0.0,0.0,0,1
500,3,0.0,100.0,0.0,15.561634887418153,0.0,0.49466547528877874,0.7431675901270437,0,3
600,32,0.0,100.0,0.0,15.559480262391684,0.0,0.4907278734692401,0.7337416897812734,0,32
700,32,0.0,100.0,0.0,15.559480262391684,0.0,0.48943451798616183,0.7345577549914706,0,32
