Tick,Population,Active%,Dormant%,Stress%,AverageFitness,AverageATP,AverageGrowth,AverageDosR,Generation,LivingLineages
100,39,100.0,0.0,0.0,13.415782548016328,1.0,0.5223832077153998,0.6589512753471629,3,17
200,67,100.0,0.0,0.0,12.54529904193688,1.0,0.5161846977616295,0.6662335914265997,8,13
300,82,92.6829268292683,7.317073170731708,0.0,12.772650518004106,0.9841288441909426,0.5164896041366337,0.6653286320938556,11,10
400,114,93.85964912280701,6.140350877192983,0.0,12.947347687480688,0.9747602341630396,0.5293138171944614,0.6507848353697566,14,7
500,165,92.72727272727273,7.2727272727272725,0.0,13.275923123624539,0.9711516244875739,0.5225307087744556,0.6631660439211722,16,6
600,307,92.50814332247558,7.49185667752443,0.0,13.449977298276927,0.9731953708155049,0.5157763481963228,0.6728603595112809,16,64
700,455,90.10989010989012,9.89010989010989,0.0,13.330461734361768,0.9678084888241278,0.5159803514509178,0.670194540369439,16,117
800,788,91.49746192893402,8.50253807106599,0.0,13.417490752651364,0.968179284047042,0.5211363657607041,0.6607724377213797,19,252
